firstcol,seccol,thirdcol
2023-02-06,"385 Diaz Trace
South Staceyland, AK 89931",Police feel.
2023-02-28,"3004 Perkins Forest
Port Holly, PA 28058",Better any account.
2023-02-21,"9539 Cook Viaduct
South Jenna, GA 71855",Design be key cold wide.
2023-02-19,"USCGC Arellano
FPO AP 32884",Suggest.
2023-02-15,"997 Jessica Neck Suite 896
Sarahside, AZ 27590",Fast garden.
2023-02-16,"PSC 3003, Box 9051
APO AA 39663",Rate next.
2023-02-28,"46742 Eric Ramp
Kaiserborough, SC 35172",Guy threat establish.
2023-02-09,"690 Cabrera Mountain
West Angelachester, FM 86152",Why game.
2023-02-07,"5872 Martinez Spur Apt. 101
Brockhaven, WA 02264",Assume forward home rather.
2023-03-01,"05642 Carter Shoal
Mathisfurt, SD 28177",Also effort kid.
